"tanggal","route_code","route_name","gate_in","jumlah_pelanggan","total_amount"
2025-11-01,BKS,Bekasi - Cempaka Putih,false,1,7000
2025-11-01,BKS,Bekasi - Cempaka Putih,true,1,3500
2025-11-01,TNJ,Tanjung Priok - Senen,true,1,10000
2025-11-02,BKS,Bekasi - Cempaka Putih,true,2,10000
2025-11-02,CKR,Cikarang - Rawamangun,false,1,10000
2025-11-02,LGS,Lebak Bulus - Grogol,false,1,3500
2025-11-02,SMB,Sumber Batu - Harmoni,true,1,5000
2025-11-03,BRT,Blok M - Ragunan - Tanah Abang,false,1,5000
2025-11-03,KRW,Karawaci - Bundaran Senayan,true,1,5000
2025-11-03,LGS,Lebak Bulus - Grogol,false,1,5000
2025-11-03,SMB,Sumber Batu - Harmoni,false,1,10000
2025-11-03,TNJ,Tanjung Priok - Senen,true,1,7000
2025-11-04,LGS,Lebak Bulus - Grogol,false,1,5000
2025-11-04,TNJ,Tanjung Priok - Senen,true,2,10000
2025-11-07,KRW,Karawaci - Bundaran Senayan,true,1,7000
2025-11-07,PSR,Pasar Minggu - Kota,true,2,17000
2025-11-07,SMB,Sumber Batu - Harmoni,true,1,3500
2025-11-08,KRW,Karawaci - Bundaran Senayan,true,1,7000
2025-11-08,PSR,Pasar Minggu - Kota,true,1,7000
2025-11-09,CKR,Cikarang - Rawamangun,false,1,5000
2025-11-10,LGS,Lebak Bulus - Grogol,true,1,3500
2025-11-11,LGS,Lebak Bulus - Grogol,false,1,5000
2025-11-12,BRT,Blok M - Ragunan - Tanah Abang,true,1,3500
2025-11-12,PSR,Pasar Minggu - Kota,false,1,5000
2025-11-13,CKR,Cikarang - Rawamangun,true,1,7000
2025-11-14,CKR,Cikarang - Rawamangun,false,1,7000
2025-11-14,PSR,Pasar Minggu - Kota,false,1,7000
2025-11-14,PSR,Pasar Minggu - Kota,true,1,5000
