"tanggal","card_type","gate_in","jumlah_pelanggan","total_amount"
2025-11-01,Kartu Disabilitas,false,1,7000
2025-11-01,Kartu Disabilitas,true,1,3500
2025-11-01,Kartu Lansia,true,1,7000
2025-11-01,Kartu Reguler,true,1,10000
2025-11-02,Kartu Disabilitas,false,2,10500
2025-11-02,Kartu Disabilitas,true,1,5000
2025-11-02,Kartu Pelajar,true,3,15000
2025-11-02,Kartu Reguler,false,2,13500
2025-11-02,Kartu Reguler,true,1,5000
2025-11-03,Kartu Disabilitas,true,2,10000
2025-11-03,Kartu Lansia,false,2,10000
2025-11-03,Kartu Lansia,true,1,7000
2025-11-03,Kartu Pelajar,false,1,10000
2025-11-04,Kartu Disabilitas,false,1,5000
2025-11-04,Kartu Disabilitas,true,3,17000
2025-11-04,Kartu Pelajar,false,1,5000
2025-11-04,Kartu Reguler,false,1,10000
2025-11-05,Kartu Lansia,true,1,5000
2025-11-05,Kartu Pelajar,false,2,10000
2025-11-06,Kartu Disabilitas,false,1,10000
2025-11-06,Kartu Lansia,true,1,7000
2025-11-06,Kartu Pelajar,false,1,10000
2025-11-07,Kartu Pelajar,true,1,7000
2025-11-07,Kartu Reguler,true,2,13500
2025-11-08,Kartu Disabilitas,true,1,7000
2025-11-08,Kartu Lansia,true,1,7000
2025-11-08,Kartu Reguler,true,1,10000
2025-11-09,Kartu Disabilitas,false,1,5000
2025-11-09,Kartu Lansia,false,1,10000
2025-11-09,Kartu Reguler,false,1,10000
2025-11-10,Kartu Lansia,true,1,10000
2025-11-10,Kartu Pelajar,false,1,5000
2025-11-10,Kartu Pelajar,true,1,3500
2025-11-10,Kartu Reguler,true,2,10500
2025-11-11,Kartu Disabilitas,false,2,20000
2025-11-11,Kartu Pelajar,false,1,5000
2025-11-11,Kartu Pelajar,true,1,10000
2025-11-12,Kartu Disabilitas,false,1,5000
2025-11-12,Kartu Lansia,false,2,10500
2025-11-12,Kartu Pelajar,true,1,3500
2025-11-12,Kartu Reguler,false,1,7000
2025-11-12,Kartu Reguler,true,1,3500
2025-11-13,Kartu Pelajar,true,2,10500
2025-11-14,Kartu Pelajar,false,3,24000
2025-11-14,Kartu Pelajar,true,1,5000
2025-11-14,Kartu Reguler,false,1,7000
2025-11-14,Kartu Reguler,true,2,10000
