"uuid","waktu_transaksi","status_var","fare_int","card_type_var","gate_in_boo"
halte-1-1763312555-734774,2025-11-14 09:40:25.000,S,5000,Kartu Pelajar,true
halte-11-1763312555-190784,2025-11-12 06:07:13.000,S,7000,Kartu Reguler,false
halte-12-1763312555-755914,2025-11-14 02:22:34.000,S,10000,Kartu Pelajar,false
halte-16-1763312555-673128,2025-11-14 05:20:18.000,S,7000,Kartu Reguler,false
halte-18-1763312555-214728,2025-11-10 02:47:52.000,S,5000,Kartu Pelajar,false
halte-21-1763312555-958583,2025-11-01 20:59:01.000,S,7000,Kartu Lansia,true
halte-23-1763312555-309538,2025-11-11 03:14:02.000,S,10000,Kartu Pelajar,true
halte-24-1763312555-799908,2025-11-08 23:58:15.000,S,7000,Kartu Disabilitas,true
halte-25-1763312555-814183,2025-11-13 22:21:08.000,S,3500,Kartu Pelajar,true
halte-27-1763312555-420181,2025-11-02 18:44:59.000,S,5000,Kartu Pelajar,true
halte-28-1763312555-666223,2025-11-09 18:41:38.000,S,10000,Kartu Reguler,false
halte-29-1763312555-889382,2025-11-02 21:29:10.000,S,7000,Kartu Disabilitas,false
halte-31-1763312555-364218,2025-11-10 22:47:15.000,S,7000,Kartu Reguler,true
halte-32-1763312555-189497,2025-11-05 02:13:21.000,S,5000,Kartu Lansia,true
halte-33-1763312555-289211,2025-11-04 15:43:13.000,S,5000,Kartu Disabilitas,false
halte-35-1763312555-210110,2025-11-12 08:26:43.000,S,3500,Kartu Lansia,false
halte-36-1763312555-354843,2025-11-11 20:06:40.000,S,10000,Kartu Disabilitas,false
halte-37-1763312555-889366,2025-11-05 19:03:29.000,S,5000,Kartu Pelajar,false
halte-38-1763312555-866517,2025-11-10 00:16:39.000,S,3500,Kartu Pelajar,true
halte-39-1763312555-167684,2025-11-12 18:53:46.000,S,3500,Kartu Reguler,true
halte-40-1763312555-504706,2025-11-04 18:16:50.000,S,10000,Kartu Reguler,false
halte-41-1763312555-212550,2025-11-06 22:04:45.000,S,10000,Kartu Pelajar,false
halte-50-1763312555-776935,2025-11-06 01:11:00.000,S,7000,Kartu Lansia,true
halte-61-1763312555-148546,2025-11-10 01:46:37.000,S,10000,Kartu Lansia,true
halte-66-1763312555-428877,2025-11-02 20:05:16.000,S,3500,Kartu Reguler,false
halte-69-1763312555-127111,2025-11-09 14:04:30.000,S,10000,Kartu Lansia,false
halte-70-1763312555-900782,2025-11-14 17:30:59.000,S,5000,Kartu Reguler,true
halte-73-1763312555-693903,2025-11-03 10:33:54.000,S,5000,Kartu Disabilitas,true
halte-76-1763312555-583122,2025-11-02 16:05:16.000,S,5000,Kartu Pelajar,true
halte-84-1763312555-661893,2025-11-06 04:35:42.000,S,10000,Kartu Disabilitas,false
halte-86-1763312555-636595,2025-11-11 09:07:49.000,S,10000,Kartu Disabilitas,false
halte-87-1763312555-858781,2025-11-04 11:39:28.000,S,7000,Kartu Disabilitas,true
halte-88-1763312555-911260,2025-11-12 03:00:24.000,S,7000,Kartu Lansia,false
halte-90-1763312555-347143,2025-11-05 07:48:58.000,S,5000,Kartu Pelajar,false
halte-96-1763312555-408365,2025-11-08 00:10:17.000,S,10000,Kartu Reguler,true
