"uuid","waktu_transaksi","no_body_var","status_var","fare_int","card_type_var","gate_in_boo"
bus-3-1763312555-312686,2025-11-03 15:34:26.000,BRT-136,S,5000,Kartu Lansia,false
bus-15-1763312555-921627,2025-11-12 04:39:18.000,LGS-486A,S,5000,Kartu Disabilitas,false
bus-18-1763312555-501956,2025-11-03 22:51:17.000,LGS-397,S,10000,Kartu Pelajar,false
bus-23-1763312555-638006,2025-11-02 20:29:59.000,TJK-143,S,3500,Kartu Disabilitas,false
bus-25-1763312555-291651,2025-11-01 03:55:38.000,BRT-249,S,10000,Kartu Reguler,true
bus-28-1763312555-406906,2025-11-03 08:00:21.000,BRT-030,S,7000,Kartu Lansia,true
bus-34-1763312555-310504,2025-11-12 19:33:14.000,TJK-451,S,3500,Kartu Pelajar,true
bus-35-1763312555-771242,2025-11-11 16:41:50.000,KRW-234,S,5000,Kartu Pelajar,false
bus-40-1763312555-552351,2025-11-07 06:41:20.000,KRW-039,S,3500,Kartu Reguler,true
bus-44-1763312555-362566,2025-11-02 04:11:37.000,TJK-100,S,10000,Kartu Reguler,false
bus-45-1763312555-765717,2025-11-01 14:28:14.000,LGS-214,S,3500,Kartu Disabilitas,true
bus-47-1763312555-239202,2025-11-07 00:48:05.000,BRT-105,S,10000,Kartu Reguler,true
bus-50-1763312555-774552,2025-11-04 23:20:47.000,KRW-013,S,5000,Kartu Disabilitas,true
bus-56-1763312555-795734,2025-11-14 04:34:29.000,BRT-413,S,7000,Kartu Pelajar,false
bus-59-1763312555-784116,2025-11-03 15:29:07.000,SMB-385B,S,5000,Kartu Disabilitas,true
bus-64-1763312555-352623,2025-11-09 13:00:49.000,TJK-100,S,5000,Kartu Disabilitas,false
bus-67-1763312555-194941,2025-11-02 23:25:38.000,BRT-023,S,5000,Kartu Pelajar,true
bus-68-1763312555-208179,2025-11-07 13:33:30.000,KRW-498,S,7000,Kartu Pelajar,true
bus-73-1763312555-659590,2025-11-14 05:07:15.000,KRW-018,S,7000,Kartu Pelajar,false
bus-75-1763312555-298555,2025-11-01 09:11:54.000,LGS-214,S,7000,Kartu Disabilitas,false
bus-77-1763312555-623790,2025-11-04 05:24:28.000,KRW-121,S,5000,Kartu Disabilitas,true
bus-79-1763312555-433796,2025-11-02 12:07:55.000,LGS-025,S,5000,Kartu Reguler,true
bus-80-1763312555-913345,2025-11-14 17:04:59.000,KRW-294,S,5000,Kartu Reguler,true
bus-84-1763312555-452522,2025-11-03 02:15:26.000,KRW-394,S,5000,Kartu Lansia,false
bus-86-1763312555-682864,2025-11-10 14:02:50.000,BRT-136,S,3500,Kartu Reguler,true
bus-88-1763312555-446028,2025-11-02 10:30:15.000,LGS-257B,S,5000,Kartu Disabilitas,true
bus-98-1763312555-319928,2025-11-13 07:11:23.000,BRT-371,S,7000,Kartu Pelajar,true
bus-99-1763312555-720289,2025-11-08 10:29:30.000,KRW-498,S,7000,Kartu Lansia,true
bus-100-1763312555-954301,2025-11-04 04:19:39.000,BRT-071,S,5000,Kartu Pelajar,false
